<application>
  <component name="FileTypeManager" version="17">
    <extensionMap>
      <mapping ext="gradle.kts" type="Kotlin" />
      <mapping ext="main.kts" type="Kotlin" />
      <mapping pattern=".dockerignore" type="PLAIN_TEXT" />
      <mapping pattern=".gitkeep" type="PLAIN_TEXT" />
      <mapping pattern="CustomerCard" type="PLAIN_TEXT" />
      <mapping pattern="docker-compose" type="PLAIN_TEXT" />
      <mapping ext="old" type="PLAIN_TEXT" />
      <mapping ext="option" type="PLAIN_TEXT" />
      <mapping ext="ttf" type="PLAIN_TEXT" />
      <mapping ext="setting" type="PLAIN_TEXT" />
      <mapping ext="cnf" type="PLAIN_TEXT" />
      <mapping pattern="tsconfig.spec.json" type="tsconfig" />
      <mapping pattern="tsconfig.app.json" type="tsconfig" />
      <mapping pattern="tsconfig.lib.json" type="tsconfig" />
      <mapping pattern="tsconfig.e2e.json" type="tsconfig" />
    </extensionMap>
  </component>
</application>