<application>
  <component name="AutoGeneratorSettingsState">
    <option name="entityPackageName" value="com.ytd.system.model" />
    <option name="entityParentDirectory" value="E:/project/ideaProject/br2.0/br-service/src/main/java" />
    <option name="ignoredFields">
      <set>
        <option value="createdTime" />
        <option value="createdUser" />
        <option value="deleted" />
        <option value="id" />
        <option value="updatedTime" />
      </set>
    </option>
    <option name="inheritedParentClassName" value="com.ytd.system.model.po.base.BaseEntity" />
    <option name="moduleName" value="br-service" />
    <option name="repositoryPackageName" value="com.ytd.system.model" />
    <option name="repositoryParentDirectory" value="E:/project/ideaProject/br2.0/br-service/src/main/java" />
    <option name="useFluidProgrammingStyle" value="true" />
  </component>
</application>