<application>
  <component name="ActionMacroManager">
    <macro name="replacebr">
      <action id="Replace" />
      <typing text-keycode="92:0;78:0">\n</typing>
      <shortuct text="control alt Y" />
      <typing text-keycode="44:1;66:0;82:0;32:0;47:0">&lt;br&amp;#x20;/</typing>
      <action id="EditorEscape" />
    </macro>
    <macro name="replacesuccess">
      <action id="Replace" />
      <typing text-keycode="92:0;78:0">\n</typing>
      <shortuct text="control alt Y" />
      <typing text-keycode="44:1;66:0;82:0">&lt;br</typing>
      <action id="$Undo" />
      <action id="EditorLeft" />
      <typing text-keycode="44:1;66:0;82:0;47:0">&lt;br/</typing>
    </macro>
  </component>
</application>