<application>
  <component name="ProjectManager">
    <defaultProject>
      <component name="Encoding" native2AsciiForPropertiesFiles="true" defaultCharsetForPropertiesFiles="UTF-8">
        <file url="PROJECT" charset="UTF-8" />
      </component>
      <component name="MavenImportPreferences">
        <option name="generalSettings">
          <MavenGeneralSettings>
            <option name="alwaysUpdateSnapshots" value="true" />
            <option name="mavenHome" value="C:\Program Files\JetBrains\IntelliJ IDEA 2019.3.4\plugins\maven\lib\maven3" />
            <option name="userSettingsFile" value="E:\software\apache-maven-3.6.3\conf\settings.xml" />
          </MavenGeneralSettings>
        </option>
      </component>
      <component name="ProjectInspectionProfilesVisibleTreeState">
        <entry key="Project Default">
          <profile-state>
            <expanded-state>
              <State />
              <State>
                <id>GeneralJavaScript and TypeScript</id>
              </State>
              <State>
                <id>JavaScript and TypeScript</id>
              </State>
            </expanded-state>
            <selected-state>
              <State>
                <id>Angular</id>
              </State>
            </selected-state>
          </profile-state>
        </entry>
      </component>
      <component name="PropertiesComponent">
        <property name="settings.editor.selected.configurable" value="Errors" />
      </component>
      <component name="masterDetails">
        <states>
          <state key="ProjectJDKs.UI">
            <settings>
              <last-edited>1.8</last-edited>
              <splitter-proportions>
                <option name="proportions">
                  <list>
                    <option value="0.2" />
                  </list>
                </option>
              </splitter-proportions>
            </settings>
          </state>
        </states>
      </component>
    </defaultProject>
  </component>
</application>