<application>
  <component name="SshConfigs">
    <configs>
      <sshConfig host="47.115.54.6" id="2abbde89-f24b-43de-85c1-ee35f03cdb45" keyPath="$USER_HOME$/.ssh/id_rsa" port="9527" customName="开发服务器" nameFormat="CUSTOM" username="root" />
      <sshConfig authType="PASSWORD" host="50.116.4.46" id="16db6e3c-7523-4fa9-9403-ec831f4b8b17" port="9528" customName="美国" nameFormat="CUSTOM" username="root" />
      <sshConfig host="ytd-local.com" id="3144b421-243e-4984-a5e5-b0cea382793c" keyPath="$USER_HOME$/.ssh/id_rsa" port="22" customName="ytd-local" nameFormat="CUSTOM" username="root" />
      <sshConfig host="47.113.115.247" id="27780e83-8504-45c4-b544-d1a802c2a786" keyPath="$USER_HOME$/.ssh/id_rsa" port="22" customName="新服务器" nameFormat="CUSTOM" username="root" />
    </configs>
  </component>
</application>