<application>
  <component name="WebServers">
    <option name="servers">
      <webServer id="e0d02b31-36d6-4ab0-8726-e0283b216b07" name="ytd-local">
        <fileTransfer accessType="SFTP" host="ytd-local.com" port="22" sshConfigId="3144b421-243e-4984-a5e5-b0cea382793c" sshConfig="ytd-local" keyPair="true">
          <advancedOptions>
            <advancedOptions dataProtectionLevel="Private" passiveMode="true" shareSSLContext="true" />
          </advancedOptions>
        </fileTransfer>
      </webServer>
      <webServer id="5ec847cc-0775-481f-8bfd-67dee25a83ed" name="smart">
        <fileTransfer rootFolder="/opt/amazon" accessType="SFTP" host="120.24.244.225" port="9527" sshConfigId="909b03fd-65d2-46b1-b7b0-4011cfa8dbaf" sshConfig="smart" keyPair="true">
          <advancedOptions>
            <advancedOptions dataProtectionLevel="Private" passiveMode="true" shareSSLContext="true" />
          </advancedOptions>
        </fileTransfer>
      </webServer>
      <webServer id="1a559bd8-bb30-4e66-b025-a3d9108c46a9" name="smart_dev">
        <fileTransfer rootFolder="/home/ych/amazon" accessType="SFTP" host="47.115.54.6" port="9527" sshConfigId="2abbde89-f24b-43de-85c1-ee35f03cdb45" sshConfig="开发服务器" keyPair="true">
          <advancedOptions>
            <advancedOptions dataProtectionLevel="Private" passiveMode="true" shareSSLContext="true" />
          </advancedOptions>
        </fileTransfer>
      </webServer>
    </option>
  </component>
</application>