<application>
  <component name="AppStorage">
    <histories>
      <item value="indeterminate" />
      <item value="A port of node's `crypto` module to the browser." />
      <item value="/** * Instructs the &lt;code&gt;{@link Scheduler}&lt;/code&gt; that upon a mis-fire * situation, the &lt;code&gt;updateAfterMisfire()&lt;/code&gt; method will be called * on the &lt;code&gt;Trigger&lt;/code&gt; to determine the mis-fire instruction, * which logic will be trigger-implementation-dependent. * * &lt;p&gt; * In order to see if this instruction fits your needs, you should look at * the documentation for the &lt;code&gt;getSmartMisfirePolicy()&lt;/code&gt; method * on the particular &lt;code&gt;Trigger&lt;/code&gt; implementation you are using. * &lt;/p&gt; */" />
      <item value="Credentials" />
      <item value="Accessor" />
      <item value="/** * Configure the value for the heartbeat settings. The first number * represents how often the server will write or send a heartbeat. * The second is how often the client should write. 0 means no heartbeats. * &lt;p&gt;By default this is set to &quot;0, 0&quot; unless the {@link #setTaskScheduler * taskScheduler} in which case the default becomes &quot;10000,10000&quot; * (in milliseconds). * @since 4.2 */" />
      <item value="/** * A {@link SessionRepository} backed by a {@link java.util.Map} and that uses a * {@link MapSession}. The injected {@link java.util.Map} can be backed by a distributed * NoSQL store like Hazelcast, for instance. Note that the supplied map itself is * responsible for purging the expired sessions. * * &lt;p&gt; * The implementation does NOT support firing {@link SessionDeletedEvent} or * {@link SessionExpiredEvent}. * &lt;/p&gt; * * @author Rob Winch * @since 1.0 */" />
      <item value="/** * A {@link org.springframework.session.SessionRepository} implementation that uses * Spring's {@link JdbcOperations} to store sessions in a relational database. This * implementation does not support publishing of session events. * &lt;p&gt; * An example of how to create a new instance can be seen below: * * &lt;pre class=&quot;code&quot;&gt; * JdbcTemplate jdbcTemplate = new JdbcTemplate(); * * // ... configure jdbcTemplate ... * * TransactionTemplate transactionTemplate = new TransactionTemplate(); * * // ... configure transactionTemplate ... * * JdbcIndexedSessionRepository sessionRepository = * new JdbcIndexedSessionRepository(jdbcTemplate, transactionTemplate); * &lt;/pre&gt; * * For additional information on how to create and configure {@code JdbcTemplate} and * {@code TransactionTemplate}, refer to the &lt;a href= * &quot;https://docs.spring.io/spring/docs/current/spring-framework-reference/html/spring-data-tier.html&quot;&gt; * Spring Framework Reference Documentation&lt;/a&gt;. * &lt;p&gt; * By default, this implementation uses &lt;code&gt;SPRING_SESSION&lt;/code&gt; and * &lt;code&gt;SPRING_SESSION_ATTRIBUTES&lt;/code&gt; tables to store sessions. Note that the table * name can be customized using the {@link #setTableName(String)} method. In that case the * table used to store attributes will be named using the provided table name, suffixed * with &lt;code&gt;_ATTRIBUTES&lt;/code&gt;. * * Depending on your database, the table definition can be described as below: * * &lt;pre class=&quot;code&quot;&gt; * CREATE TABLE SPRING_SESSION ( * PRIMARY_ID CHAR(36) NOT NULL, * SESSION_ID CHAR(36) NOT NULL, * CREATION_TIME BIGINT NOT NULL, * LAST_ACCESS_TIME BIGINT NOT NULL, * MAX_INACTIVE_INTERVAL INT NOT NULL, * EXPIRY_TIME BIGINT NOT NULL, * PRINCIPAL_NAME VARCHAR(100), * CONSTRAINT SPRING_SESSION_PK PRIMARY KEY (PRIMARY_ID) * ); * * CREATE UNIQUE INDEX SPRING_SESSION_IX1 ON SPRING_SESSION (SESSION_ID); * CREATE INDEX SPRING_SESSION_IX2 ON SPRING_SESSION (EXPIRY_TIME); * CREATE INDEX SPRING_SESSION_IX3 ON SPRING_SESSION (PRINCIPAL_NAME); * * CREATE TABLE SPRING_SESSION_ATTRIBUTES ( * SESSION_PRIMARY_ID CHAR(36) NOT NULL, * ATTRIBUTE_NAME VARCHAR(200) NOT NULL, * ATTRIBUTE_BYTES BYTEA NOT NULL, * CONSTRAINT SPRING_SESSION_ATTRIBUTES_PK PRIMARY KEY (SESSION_PRIMARY_ID, ATTRIBUTE_NAME), * CONSTRAINT SPRING_SESSION_ATTRIBUTES_FK FOREIGN KEY (SESSION_PRIMARY_ID) REFERENCES SPRING_SESSION(PRIMARY_ID) ON DELETE CASCADE * ); * * CREATE INDEX SPRING_SESSION_ATTRIBUTES_IX1 ON SPRING_SESSION_ATTRIBUTES (SESSION_PRIMARY_ID); * &lt;/pre&gt; * * Due to the differences between the various database vendors, especially when it comes * to storing binary data, make sure to use SQL script specific to your database. Scripts * for most major database vendors are packaged as * &lt;code&gt;org/springframework/session/jdbc/schema-*.sql&lt;/code&gt;, where &lt;code&gt;*&lt;/code&gt; is the * target database type. * * @author Vedran Pavic * @author Craig Andrews * @since 2.2.0 */" />
      <item value="upload Able" />
      <item value="Upward" />
      <item value="Check ConditionalConverters for a dynamic match" />
      <item value="// to detect changes in the $slot children/options we do this hack // so we can trigger the parents computed properties and have everything reactive // although $slot.default is not" />
      <item value="You haven't completed the withdrawal information. You may not be able to withdraw cash" />
      <item value="/** * The SQL query that will be used to validate connections from this pool before returning them to the caller. If * specified, this query &lt;strong&gt;MUST&lt;/strong&gt; be an SQL SELECT statement that returns at least one row. If not * specified, {@link Connection#isValid(int)} will be used to validate connections. */" />
      <item value="Explicitly" />
      <item value="infer" />
      <item value="// todo : consider ways to improve the double iteration of Executables here: // 1) we explicitly iterate list here to perform Executable#execute() // 2) ExecutableList#getQuerySpaces also iterates the Executables to collect query spaces." />
      <item value="early" />
      <item value="populate" />
      <item value="an assertion failure occurred (this may indicate a bug in Hibernate, but is more likely due to unsafe use of the session): org.hibernate.AssertionFailure: force initialize loading collection" />
      <item value="an assertion failure occurred (this may indicate a bug in Hibernate, but is more likely due to unsafe use of the session): org.hibernate.AssertionFailure: force initialize loading collecti" />
      <item value="arity" />
      <item value="Amount" />
      <item value="/** Constructs a new HTTP header object with the given values.*/" />
      <item value="/** Wheter shortcut menu root node */" />
      <item value="Mutable User" />
      <item value="ceil" />
      <item value="/** * Returns the smallest (closest to negative infinity) * {@code double} value that is greater than or equal to the * argument and is equal to a mathematical integer. Special cases: * &lt;ul&gt;&lt;li&gt;If the argument value is already equal to a * mathematical integer, then the result is the same as the * argument. &lt;li&gt;If the argument is NaN or an infinity or * positive zero or negative zero, then the result is the same as * the argument. &lt;li&gt;If the argument value is less than zero but * greater than -1.0, then the result is negative zero.&lt;/ul&gt; Note * that the value of {@code Math.ceil(x)} is exactly the * value of {@code -Math.floor(-x)}. * * * @param a a value. * @return the smallest (closest to negative infinity) * floating-point value that is greater than or equal to * the argument and is equal to a mathematical integer. */" />
      <item value="The desired archetype does not exist" />
      <item value="Supplier" />
      <item value="avaliable" />
      <item value="verify" />
      <item value="combiner" />
      <item value="accumulator" />
      <item value="seed" />
      <item value="Not closing pre-bound JPA EntityManager after transaction" />
      <item value="Misfire Handler" />
      <item value="obtain" />
      <item value="acquire" />
      <item value="Trying to infer dataType" />
      <item value="explicit" />
      <item value="Correct the classpath of your application so that it contains a single, compatible version of graphql.schema.GraphQLType" />
      <item value="Construct" />
      <item value="behavior" />
      <item value="This scheduler instance (杨超辉1596254274346) is still active but was recovered by another instance in the cluster. This may cause inconsistent behavior." />
      <item value="review Charge" />
      <item value="/** * The field annotated with {@code @Default} must have an initializing expression; that expression is taken as the default to be used if not explicitly set during building. */" />
      <item value="/* * Implementation notes. * * This map usually acts as a binned (bucketed) hash table, but * when bins get too large, they are transformed into bins of * TreeNodes, each structured similarly to those in * java.util.TreeMap. Most methods try to use normal bins, but * relay to TreeNode methods when applicable (simply by checking * instanceof a node). Bins of TreeNodes may be traversed and * used like any others, but additionally support faster lookup * when overpopulated. However, since the vast majority of bins in * normal use are not overpopulated, checking for existence of * tree bins may be delayed in the course of table methods. * * Tree bins (i.e., bins whose elements are all TreeNodes) are * ordered primarily by hashCode, but in the case of ties, if two * elements are of the same &quot;class C implements Comparable&lt;C&gt;&quot;, * type then their compareTo method is used for ordering. (We * conservatively check generic types via reflection to validate * this -- see method comparableClassFor). The added complexity * of tree bins is worthwhile in providing worst-case O(log n) * operations when keys either have distinct hashes or are * orderable, Thus, performance degrades gracefully under * accidental or malicious usages in which hashCode() methods * return values that are poorly distributed, as well as those in * which many keys share a hashCode, so long as they are also * Comparable. (If neither of these apply, we may waste about a * factor of two in time and space compared to taking no * precautions. But the only known cases stem from poor user * programming practices that are already so slow that this makes * little difference.) * * Because TreeNodes are about twice the size of regular nodes, we * use them only when bins contain enough nodes to warrant use * (see TREEIFY_THRESHOLD). And when they become too small (due to * removal or resizing) they are converted back to plain bins. In * usages with well-distributed user hashCodes, tree bins are * rarely used. Ideally, under random hashCodes, the frequency of * nodes in bins follows a Poisson distribution * (http://en.wikipedia.org/wiki/Poisson_distribution) with a * parameter of about 0.5 on average for the default resizing * threshold of 0.75, although with a large variance because of * resizing granularity. Ignoring variance, the expected * occurrences of list size k are (exp(-0.5) * pow(0.5, k) / * factorial(k)). The first values are: * * 0: 0.60653066 * 1: 0.30326533 * 2: 0.07581633 * 3: 0.01263606 * 4: 0.00157952 * 5: 0.00015795 * 6: 0.00001316 * 7: 0.00000094 * 8: 0.00000006 * more: less than 1 in ten million * * The root of a tree bin is normally its first node. However, * sometimes (currently only upon Iterator.remove), the root might * be elsewhere, but can be recovered following parent links * (method TreeNode.root()). * * All applicable internal methods accept a hash code as an * argument (as normally supplied from a public method), allowing * them to call each other without recomputing user hashCodes. * Most internal methods also accept a &quot;tab&quot; argument, that is * normally the current table, but may be a new or old one when * resizing or converting. * * When bin lists are treeified, split, or untreeified, we keep * them in the same relative access/traversal order (i.e., field * Node.next) to better preserve locality, and to slightly * simplify handling of splits and traversals that invoke * iterator.remove. When using comparators on insertion, to keep a * total ordering (or as close as is required here) across * rebalancings, we compare classes and identityHashCodes as * tie-breakers. * * The use and transitions among plain vs tree modes is * complicated by the existence of subclass LinkedHashMap. See * below for hook methods defined to be invoked upon insertion, * removal and access that allow LinkedHashMap internals to * otherwise remain independent of these mechanics. (This also * requires that a map instance be passed to some utility methods * that may create new nodes.) * * The concurrent-programming-like SSA-based coding style helps * avoid aliasing errors amid all of the twisty pointer operations. */" />
      <item value="broken" />
      <item value="/** * Validate the binding target if applicable. * &lt;p&gt;The default implementation checks for {@code @javax.validation.Valid}, * Spring's {@link org.springframework.validation.annotation.Validated}, * and custom annotations whose name starts with &quot;Valid&quot;. * @param binder the DataBinder to be used * @param parameter the method parameter descriptor * @since 4.1.5 * @see #isBindExceptionRequired */" />
    </histories>
    <option name="languageScores">
      <map>
        <entry key="CHINESE" value="106" />
        <entry key="ENGLISH" value="107" />
        <entry key="FRENCH" value="1" />
        <entry key="NORWEGIAN" value="1" />
      </map>
    </option>
  </component>
</application>